{
    "metrics": {
        "http_req_tls_handshaking": {
            "avg": 0,
            "min": 0,
            "med": 0,
            "max": 0,
            "p(90)": 0,
            "p(95)": 0,
            "p(99)": 0
        },
        "vus": {
            "min": 2,
            "max": 100,
            "value": 2
        },
        "iteration_duration": {
            "max": 1030.434014,
            "p(90)": 1004.994269,
            "p(95)": 1005.741452,
            "p(99)": 1007.1928306,
            "avg": 1003.9849676906756,
            "min": 1001.690551,
            "med": 1003.855928
        },
        "http_req_connecting": {
            "max": 25.837753,
            "p(90)": 0,
            "p(95)": 0,
            "p(99)": 0.16056727999999992,
            "avg": 0.0033368365395792165,
            "min": 0,
            "med": 0
        },
        "successful_requests": {
            "count": 34411,
            "rate": 95.41882835420729
        },
        "http_req_failed": {
            "passes": 0,
            "fails": 34412,
            "thresholds": {
                "rate<0.05": false
            },
            "value": 0
        },
        "errors": {
            "passes": 0,
            "fails": 34411,
            "thresholds": {
                "rate<0.05": false
            },
            "value": 0
        },
        "http_reqs": {
            "rate": 95.42160127066872,
            "count": 34412
        },
        "http_req_duration": {
            "p(95)": 4.121479999999999,
            "p(99)": 5.850152399999998,
            "avg": 3.1061488783563775,
            "min": 0.059979,
            "med": 2.82825,
            "max": 2400.610784,
            "p(90)": 3.5967666000000005,
            "thresholds": {
                "p(95)<200": false
            }
        },
        "http_req_duration{endpoint:events}": {
            "max": 2400.610784,
            "p(90)": 3.596547,
            "p(95)": 4.1211459999999995,
            "p(99)": 5.847187500000006,
            "avg": 3.103796136264556,
            "min": 0.059979,
            "med": 2.828228,
            "thresholds": {
                "p(95)<200": false
            }
        },
        "iterations": {
            "count": 34411,
            "rate": 95.41882835420729
        },
        "response_time": {
            "avg": 3.103796136264556,
            "min": 0.059979,
            "med": 2.828228,
            "max": 2400.610784,
            "p(90)": 3.596547,
            "p(95)": 4.1211459999999995,
            "p(99)": 5.847187500000006
        },
        "http_req_waiting": {
            "p(99)": 5.673308569999996,
            "avg": 2.993219156980119,
            "min": 0,
            "med": 2.726052,
            "max": 2400.233023,
            "p(90)": 3.4570907,
            "p(95)": 3.95050845
        },
        "http_req_sending": {
            "max": 1.090914,
            "p(90)": 0.035588900000000014,
            "p(95)": 0.047670449999999996,
            "p(99)": 0.07694542999999994,
            "avg": 0.019752111705218924,
            "min": 0.005014,
            "med": 0.015347
        },
        "checks": {
            "passes": 103229,
            "fails": 4,
            "value": 0.9999612527002024
        },
        "http_req_receiving": {
            "max": 17.063195,
            "p(90)": 0.15424180000000004,
            "p(95)": 0.21445969999999992,
            "p(99)": 0.43414004999999906,
            "avg": 0.09317760967104544,
            "min": 0.019255,
            "med": 0.066437
        },
        "vus_max": {
            "value": 100,
            "min": 100,
            "max": 100
        },
        "http_req_blocked": {
            "p(95)": 0.009627,
            "p(99)": 0.2359734499999993,
            "avg": 0.010695256305939921,
            "min": 0.001737,
            "med": 0.005232,
            "max": 25.96914,
            "p(90)": 0.008053900000000001
        },
        "http_req_duration{expected_response:true}": {
            "p(90)": 3.5967666000000005,
            "p(95)": 4.121479999999999,
            "p(99)": 5.850152399999998,
            "avg": 3.1061488783563775,
            "min": 0.059979,
            "med": 2.82825,
            "max": 2400.610784
        },
        "data_sent": {
            "count": 10220251,
            "rate": 28339.902237828468
        },
        "data_received": {
            "count": 149246791,
            "rate": 413848.88357924065
        }
    },
    "setup_data": {
        "token": "eyJhbGciOiJIUzI1NiJ9.eyJyb2xlIjoiQURNSU4iLCJzdWIiOiJhZG1pbkBhaXUuZWR1IiwiaWF0IjoxNzY2NTkxMzY3LCJleHAiOjE3NjY2Nzc3Njd9.w9B92b12lfD5LpfgUnPwBRQ10kGdxfifyk0UVUyEF1Q"
    },
    "root_group": {
        "name": "",
        "path": "",
        "id": "d41d8cd98f00b204e9800998ecf8427e",
        "groups": {},
        "checks": {
                "status is 200": {
                    "passes": 34411,
                    "fails": 0,
                    "name": "status is 200",
                    "path": "::status is 200",
                    "id": "6210a8cd14cd70477eba5c5e4cb3fb5f"
                },
                "response time < 200ms": {
                    "path": "::response time < 200ms",
                    "id": "30cdd5fbce443e25a0330e25aa52afa2",
                    "passes": 34409,
                    "fails": 2,
                    "name": "response time < 200ms"
                },
                "response time < 500ms": {
                    "passes": 34409,
                    "fails": 2,
                    "name": "response time < 500ms",
                    "path": "::response time < 500ms",
                    "id": "3e02485a995423a591645f4eee6c60eb"
                }
            }
    }
}