{
    "root_group": {
        "name": "",
        "path": "",
        "id": "d41d8cd98f00b204e9800998ecf8427e",
        "groups": {},
        "checks": {
                "status is 200": {
                    "path": "::status is 200",
                    "id": "6210a8cd14cd70477eba5c5e4cb3fb5f",
                    "passes": 195131,
                    "fails": 0,
                    "name": "status is 200"
                },
                "response time < 200ms": {
                    "name": "response time < 200ms",
                    "path": "::response time < 200ms",
                    "id": "30cdd5fbce443e25a0330e25aa52afa2",
                    "passes": 195131,
                    "fails": 0
                },
                "response time < 500ms": {
                    "name": "response time < 500ms",
                    "path": "::response time < 500ms",
                    "id": "3e02485a995423a591645f4eee6c60eb",
                    "passes": 195131,
                    "fails": 0
                }
            }
    },
    "metrics": {
        "response_time": {
            "med": 3.4609,
            "max": 49.4584,
            "p(90)": 4.9301,
            "p(95)": 5.6671499999999995,
            "p(99)": 8.0769,
            "avg": 3.7255565753262943,
            "min": 0.5057
        },
        "successful_requests": {
            "count": 195131,
            "rate": 98.08853520591119
        },
        "http_req_waiting": {
            "avg": 3.6454804737306654,
            "min": 0.5057,
            "med": 3.3879,
            "max": 81.12,
            "p(90)": 4.8223,
            "p(95)": 5.5389,
            "p(99)": 7.885852000000002
        },
        "errors": {
            "passes": 0,
            "fails": 195131,
            "thresholds": {
                "rate<0.05": false
            },
            "value": 0
        },
        "http_req_duration{endpoint:events}": {
            "min": 0.5057,
            "med": 3.4609,
            "max": 49.4584,
            "p(90)": 4.9301,
            "p(95)": 5.6671499999999995,
            "p(99)": 8.0769,
            "avg": 3.7255565753262947,
            "thresholds": {
                "p(95)<200": false
            }
        },
        "checks": {
            "passes": 585393,
            "fails": 0,
            "value": 1
        },
        "data_received": {
            "count": 846319831,
            "rate": 425428.41751697223
        },
        "vus": {
            "max": 100,
            "value": 100,
            "min": 2
        },
        "http_req_duration": {
            "p(95)": 5.667489999999996,
            "p(99)": 8.0769,
            "avg": 3.725958368693989,
            "min": 0.5057,
            "med": 3.4609,
            "max": 82.1283,
            "p(90)": 4.9301,
            "thresholds": {
                "p(95)<200": false
            }
        },
        "http_req_tls_handshaking": {
            "max": 0,
            "p(90)": 0,
            "p(95)": 0,
            "p(99)": 0,
            "avg": 0,
            "min": 0,
            "med": 0
        },
        "iteration_duration": {
            "p(95)": 1006.344,
            "p(99)": 1009.2126,
            "avg": 1004.2392186611522,
            "min": 1000.7504,
            "med": 1003.9805,
            "max": 1061.5112,
            "p(90)": 1005.5191
        },
        "http_req_failed": {
            "passes": 0,
            "fails": 195132,
            "thresholds": {
                "rate<0.05": false
            },
            "value": 0
        },
        "iterations": {
            "count": 195031,
            "rate": 98.03826716279866
        },
        "http_req_blocked": {
            "p(99)": 0,
            "avg": 0.0065622235204887,
            "min": 0,
            "med": 0,
            "max": 14.6127,
            "p(90)": 0,
            "p(95)": 0
        },
        "http_req_connecting": {
            "med": 0,
            "max": 10.458,
            "p(90)": 0,
            "p(95)": 0,
            "p(99)": 0,
            "avg": 0.004725159379291965,
            "min": 0
        },
        "http_req_receiving": {
            "p(95)": 0.5425,
            "p(99)": 1.0072,
            "avg": 0.07602921919520994,
            "min": 0,
            "med": 0,
            "max": 16.4507,
            "p(90)": 0.5065
        },
        "vus_max": {
            "value": 100,
            "min": 100,
            "max": 100
        },
        "http_req_duration{expected_response:true}": {
            "min": 0.5057,
            "med": 3.4609,
            "max": 82.1283,
            "p(90)": 4.9301,
            "p(95)": 5.667489999999996,
            "p(99)": 8.0769,
            "avg": 3.725958368693989
        },
        "data_sent": {
            "rate": 29132.38744935495,
            "count": 57954091
        },
        "http_reqs": {
            "count": 195132,
            "rate": 98.08903788634231
        },
        "http_req_sending": {
            "p(95)": 0,
            "p(99)": 0,
            "avg": 0.0044486757681979384,
            "min": 0,
            "med": 0,
            "max": 6.0767,
            "p(90)": 0
        }
    },
    "setup_data": {
        "token": "eyJhbGciOiJIUzI1NiJ9.eyJyb2xlIjoiQURNSU4iLCJzdWIiOiJhZG1pbkBhaXUuZWR1IiwiaWF0IjoxNzY2NjU0OTk5LCJleHAiOjE3NjY3NDEzOTl9.euS5uVE3W8VBcnXvuMsqOGWZYOv9_HEcM50YNsUcOgE"
    }
}